{"lr": 0.1, "data_time": 0.0018143653869628906, "loss": 7.27706298828125, "time": 0.35065152645111086, "epoch": 1, "iter": 100, "memory": 1826, "step": 100}
{"lr": 0.1, "data_time": 0.0017425060272216798, "loss": 6.93797607421875, "time": 0.3489068508148193, "epoch": 1, "iter": 200, "memory": 1826, "step": 200}
{"lr": 0.1, "data_time": 0.002013421058654785, "loss": 6.9369384765625, "time": 0.3482823371887207, "epoch": 1, "iter": 300, "memory": 1826, "step": 300}
{"lr": 0.1, "data_time": 0.002055048942565918, "loss": 6.899786376953125, "time": 0.34791276454925535, "epoch": 1, "iter": 400, "memory": 1826, "step": 400}
{"lr": 0.1, "data_time": 0.0021505117416381835, "loss": 6.9133056640625, "time": 0.3465427875518799, "epoch": 1, "iter": 500, "memory": 1826, "step": 500}
{"lr": 0.1, "data_time": 0.0018304347991943359, "loss": 6.849090576171875, "time": 0.3471504211425781, "epoch": 1, "iter": 600, "memory": 1826, "step": 600}
{"lr": 0.1, "data_time": 0.0016079425811767578, "loss": 6.85013427734375, "time": 0.3474912405014038, "epoch": 1, "iter": 700, "memory": 1826, "step": 700}
{"lr": 0.1, "data_time": 0.0018734216690063476, "loss": 6.8510498046875, "time": 0.3474032163619995, "epoch": 1, "iter": 800, "memory": 1826, "step": 800}
{"lr": 0.1, "data_time": 0.0009028911590576172, "loss": 6.76837158203125, "time": 0.3428246021270752, "epoch": 1, "iter": 900, "memory": 1826, "step": 900}
{"lr": 0.1, "data_time": 0.001995086669921875, "loss": 6.7413330078125, "time": 0.3493389368057251, "epoch": 1, "iter": 1000, "memory": 1826, "step": 1000}
{"lr": 0.1, "data_time": 0.001721024513244629, "loss": 6.769140625, "time": 0.3465601444244385, "epoch": 1, "iter": 1100, "memory": 1826, "step": 1100}
{"lr": 0.1, "data_time": 0.0020467758178710936, "loss": 6.76776123046875, "time": 0.3468543767929077, "epoch": 1, "iter": 1200, "memory": 1826, "step": 1200}
{"lr": 0.1, "data_time": 0.001657724380493164, "loss": 6.706671142578125, "time": 0.34479146003723143, "epoch": 1, "iter": 1300, "memory": 1826, "step": 1300}
{"lr": 0.1, "data_time": 0.0020540714263916015, "loss": 6.7248046875, "time": 0.34590413570404055, "epoch": 1, "iter": 1400, "memory": 1826, "step": 1400}
{"lr": 0.1, "data_time": 0.0020513057708740233, "loss": 6.7454833984375, "time": 0.3461663484573364, "epoch": 1, "iter": 1500, "memory": 1826, "step": 1500}
{"lr": 0.1, "data_time": 0.0018780946731567383, "loss": 6.7037353515625, "time": 0.3456015348434448, "epoch": 1, "iter": 1600, "memory": 1826, "step": 1600}
{"lr": 0.1, "data_time": 0.0020140647888183595, "loss": 6.735198974609375, "time": 0.3495547533035278, "epoch": 1, "iter": 1700, "memory": 1826, "step": 1700}
{"lr": 0.1, "data_time": 0.0019208431243896485, "loss": 6.66319580078125, "time": 0.3447242259979248, "epoch": 1, "iter": 1800, "memory": 1826, "step": 1800}
{"lr": 0.1, "data_time": 0.0019627809524536133, "loss": 6.68255615234375, "time": 0.3421095609664917, "epoch": 1, "iter": 1900, "memory": 1826, "step": 1900}
{"lr": 0.1, "data_time": 0.001992344856262207, "loss": 6.688677978515625, "time": 0.3475642681121826, "epoch": 1, "iter": 2000, "memory": 1826, "step": 2000}
{"lr": 0.1, "data_time": 0.0016830682754516602, "loss": 6.676416015625, "time": 0.3484846830368042, "epoch": 1, "iter": 2100, "memory": 1826, "step": 2100}
{"lr": 0.1, "data_time": 0.0020238637924194338, "loss": 6.60701904296875, "time": 0.35633077621459963, "epoch": 1, "iter": 2200, "memory": 1826, "step": 2200}
{"lr": 0.1, "data_time": 0.0020267248153686525, "loss": 6.586517333984375, "time": 0.3474188089370728, "epoch": 1, "iter": 2300, "memory": 1826, "step": 2300}
{"lr": 0.1, "data_time": 0.0018098115921020507, "loss": 6.57161865234375, "time": 0.3474745273590088, "epoch": 1, "iter": 2400, "memory": 1826, "step": 2400}
{"lr": 0.1, "data_time": 0.0018278837203979492, "loss": 6.457220458984375, "time": 0.3499666929244995, "epoch": 1, "iter": 2500, "memory": 1826, "step": 2500}
{"lr": 0.1, "data_time": 0.001899576187133789, "loss": 6.5277099609375, "time": 0.34753353595733644, "epoch": 1, "iter": 2600, "memory": 1826, "step": 2600}
{"lr": 0.1, "data_time": 0.001804041862487793, "loss": 6.43648681640625, "time": 0.3442680358886719, "epoch": 1, "iter": 2700, "memory": 1826, "step": 2700}
{"lr": 0.1, "data_time": 0.0019487857818603516, "loss": 6.348748779296875, "time": 0.34674506187438964, "epoch": 1, "iter": 2800, "memory": 1826, "step": 2800}
{"lr": 0.1, "data_time": 0.001692795753479004, "loss": 6.320513916015625, "time": 0.3484995365142822, "epoch": 1, "iter": 2900, "memory": 1826, "step": 2900}
{"lr": 0.1, "data_time": 0.0018000125885009766, "loss": 6.41759033203125, "time": 0.3459139108657837, "epoch": 1, "iter": 3000, "memory": 1826, "step": 3000}
{"lr": 0.1, "data_time": 0.0017085552215576171, "loss": 6.30015869140625, "time": 0.3469788312911987, "epoch": 1, "iter": 3100, "memory": 1826, "step": 3100}
{"lr": 0.1, "data_time": 0.0019497632980346679, "loss": 6.371337890625, "time": 0.3451122760772705, "epoch": 1, "iter": 3200, "memory": 1826, "step": 3200}
{"lr": 0.1, "data_time": 0.001828479766845703, "loss": 6.24295654296875, "time": 0.34430899620056155, "epoch": 1, "iter": 3300, "memory": 1826, "step": 3300}
{"lr": 0.1, "data_time": 0.0019033193588256837, "loss": 6.3139404296875, "time": 0.34653329849243164, "epoch": 1, "iter": 3400, "memory": 1826, "step": 3400}
{"lr": 0.1, "data_time": 0.0018981218338012696, "loss": 6.1472930908203125, "time": 0.3466228485107422, "epoch": 1, "iter": 3500, "memory": 1826, "step": 3500}
{"lr": 0.1, "data_time": 0.0017592430114746094, "loss": 6.12364501953125, "time": 0.35353264808654783, "epoch": 1, "iter": 3600, "memory": 1826, "step": 3600}
{"lr": 0.1, "data_time": 0.001826643943786621, "loss": 6.120233154296875, "time": 0.345415997505188, "epoch": 1, "iter": 3700, "memory": 1826, "step": 3700}
{"lr": 0.1, "data_time": 0.0019114017486572266, "loss": 5.96324462890625, "time": 0.34844810962677003, "epoch": 1, "iter": 3800, "memory": 1826, "step": 3800}
{"lr": 0.1, "data_time": 0.0019952058792114258, "loss": 6.039398193359375, "time": 0.3490399599075317, "epoch": 1, "iter": 3900, "memory": 1826, "step": 3900}
{"lr": 0.1, "data_time": 0.0018857240676879883, "loss": 6.1716796875, "time": 0.34717907905578616, "epoch": 1, "iter": 4000, "memory": 1826, "step": 4000}
{"lr": 0.1, "data_time": 0.0020603656768798826, "loss": 6.09957275390625, "time": 0.34847211837768555, "epoch": 1, "iter": 4100, "memory": 1826, "step": 4100}
{"lr": 0.1, "data_time": 0.0019226312637329102, "loss": 6.018695068359375, "time": 0.3471155881881714, "epoch": 1, "iter": 4200, "memory": 1826, "step": 4200}
{"lr": 0.1, "data_time": 0.0016627073287963866, "loss": 5.965704345703125, "time": 0.3462017297744751, "epoch": 1, "iter": 4300, "memory": 1826, "step": 4300}
{"lr": 0.1, "data_time": 0.0018424272537231445, "loss": 5.79190673828125, "time": 0.3474187612533569, "epoch": 1, "iter": 4400, "memory": 1826, "step": 4400}
